Workbook

Sheet Start
A1: Midterm — Coinbase's third quarter, read by you and an AI
A2: AI for Business and FinTech · ESE Florence · 40% of the final mark
A4: One tab per step. Fill them in order; the brief is on the course site (week 5 ▸ Midterm).
A5: 1 Model — the model you use, read from its model card.
A6: 2 Look first — Coinbase's last five quarters next to the BTC price, before any prediction.
A7: 3 Preview — five predictions for Q3 2026. Fill BEFORE Thursday 29 October, 21:00 Italian time.
A8: 4 Test — ten questions on the Q3 document with answers found by hand, three traps, the temperature test.
A9: 5 Cost — what one answer and one analyst note cost, and what they are worth.
A10: 6 Score — your predictions against the actual Q3 numbers and against 'Q3 = Q2'.
A11: BTC daily — Bitcoin daily closes in USD, 1 Jan 2025 – 25 Oct 2026 (Yahoo Finance, BTC-USD). Do not edit.
A13: Grey cells with a formula fill themselves. Every other number is yours: write where you found it.
A14: Upload: File ▸ Download ▸ Microsoft Excel (.xlsx), to Turnitin Midterm Submission by Tuesday 3 November, 23:59.

Sheet 1 Model
A1: Item | B1: My answer | C1: Where I read it (link, section)
A2: Model I use in AI Studio
A3: Model card or release page
A4: Context window (input tokens)
A5: Longest answer (output tokens)
A6: Knowledge cutoff
A7: Input price per 1M tokens ($)
A8: Output price per 1M tokens ($)
A9: Tokens in my documents (AI Studio token counter, all files attached)
A10: Do they fit in the context window? | B10: =IF(OR(B4="",B9=""),"",IF(B9<=B4,"yes","no")) | C10: formula
A11: Which of my documents can the model have seen in training, and so what? (one line)

Sheet 2 Look first
A1: Fill the revenue columns from the documents in your notebook, then check each number by hand against the slide or page. Then: Insert ▸ Chart, revenue and BTC side by side. What moves with what?
A3: Quarter | B3: From | C3: To | D3: Total revenue ($M) | E3: Transaction revenue ($M) | F3: Subscription & services revenue ($M) | G3: Where found (document, slide or page) | H3: Checked by hand? (yes/no) | I3: BTC average close ($)
A4: Q2 2025 | B4: 45748 | C4: 45838 | I4: =ROUND(AVERAGEIFS('BTC daily'!$B:$B,'BTC daily'!$A:$A,">="&B4,'BTC daily'!$A:$A,"<="&C4),0)
A5: Q3 2025 | B5: 45839 | C5: 45930 | I5: =ROUND(AVERAGEIFS('BTC daily'!$B:$B,'BTC daily'!$A:$A,">="&B5,'BTC daily'!$A:$A,"<="&C5),0)
A6: Q4 2025 | B6: 45931 | C6: 46022 | I6: =ROUND(AVERAGEIFS('BTC daily'!$B:$B,'BTC daily'!$A:$A,">="&B6,'BTC daily'!$A:$A,"<="&C6),0)
A7: Q1 2026 | B7: 46023 | C7: 46112 | I7: =ROUND(AVERAGEIFS('BTC daily'!$B:$B,'BTC daily'!$A:$A,">="&B7,'BTC daily'!$A:$A,"<="&C7),0)
A8: Q2 2026 | B8: 46113 | C8: 46203 | I8: =ROUND(AVERAGEIFS('BTC daily'!$B:$B,'BTC daily'!$A:$A,">="&B8,'BTC daily'!$A:$A,"<="&C8),0)
A9: Q3 2026 | B9: 46204 | C9: 46295 | D9: after 29 Oct | E9: after 29 Oct | F9: after 29 Oct | I9: =ROUND(AVERAGEIFS('BTC daily'!$B:$B,'BTC daily'!$A:$A,">="&B9,'BTC daily'!$A:$A,"<="&C9),0)
A11: What I see (two lines):

Sheet 3 Preview
A1: Fill this tab BEFORE Thursday 29 October, 21:00 Italian time, when Coinbase publishes. Google Sheets keeps the version history (File ▸ Version history): that is the proof it came first.
A3: # | B3: What I predict for Q3 2026 | C3: My number (one number; for a range, the midpoint) | D3: Naive: Q3 = Q2 | E3: Coinbase's own Q3 outlook, if it gave one | F3: Where my number comes from (document, slide) | G3: Confidence (0–100) | H3: Why, in one line
A4: P1 | B4: Total revenue ($M) | D4: =IF('2 Look first'!D8="","",'2 Look first'!D8)
A5: P2 | B5: Transaction revenue ($M) | D5: =IF('2 Look first'!E8="","",'2 Look first'!E8)
A6: P3 | B6: Subscription & services revenue ($M) | D6: =IF('2 Look first'!F8="","",'2 Look first'!F8)
A7: P4 | B7: (your choice)
A8: P5 | B8: (your choice)

Sheet 4 Test
A1: Same method as Homework 4. Write each question and find its answer by hand in the Q3 document BEFORE asking the notebook. An expected answer copied from the tool makes the row worthless.
A3: id | B3: question | C3: expected_answer | D3: where_found | E3: answer_from_tool | F3: citation_correct | G3: retrieval_hit | H3: generation_hit | I3: note (retrieval / generation / memory, and why)
A4: G1
A5: G2
A6: G3
A7: G4
A8: G5
A9: G6
A10: G7
A11: G8
A12: G9
A13: G10
A14: T1 | B14: No documents (AI Studio, no files, Google Search off): What was Coinbase's total revenue in Q3 2026?
A15: T2 | B15: (a question that needs two documents, e.g. the Q3 result against the Q2 outlook)
A16: T3 | B16: (your own trap; say in 'note' what it tests)
A18: TEMP | B18: Temperature test — one question of yours, asked three times at temperature 0 and three at the highest the panel allows. Write the six numbers in 'answer_from_tool', separated by ' / '. Did the number move?

Sheet 5 Cost
A1: Item | B1: Value | C1: How I got it (or: estimate)
A2: Input price per 1M tokens ($) | B2: =IF('1 Model'!B7="","",'1 Model'!B7) | C2: from tab 1
A3: Output price per 1M tokens ($) | B3: =IF('1 Model'!B8="","",'1 Model'!B8) | C3: from tab 1
A4: Tokens sent with one question (AI Studio counter, documents attached)
A5: Tokens in one answer
A6: Cost of one question ($) | B6: =IF(OR(B4="",B5=""),"",(B4*B2+B5*B3)/1000000) | C6: formula
A7: Questions behind one analyst note | C7: estimate
A8: Cost of one note ($) | B8: =IF(OR(B6="",B7=""),"",B6*B7) | C8: formula
A9: Analyst's cost per hour ($) | C9: estimate — say from where
A10: Hours the notebook saves on one note | C10: estimate
A11: Value of one note ($) | B11: =IF(OR(B9="",B10=""),"",B9*B10) | C11: formula
A12: Notes per month for one desk | C12: estimate
A13: Price I would ask a desk per month ($)
A14: What is left per month after the tokens ($) | B14: =IF(OR(B8="",B12="",B13=""),"",B13-B8*B12) | C14: formula

Sheet 6 Score
A1: # | B1: Prediction | C1: My number | D1: Naive: Q3 = Q2 | E1: Actual Q3 2026 | F1: Where found (Q3 document, slide) | G1: My error | H1: Naive error | I1: Closer
A2: P1 | B2: =IF('3 Preview'!B4="","",'3 Preview'!B4) | C2: =IF('3 Preview'!C4="","",'3 Preview'!C4) | D2: =IF('3 Preview'!D4="","",'3 Preview'!D4) | G2: =IF(OR(C2="",E2=""),"",ABS(C2-E2)) | H2: =IF(OR(D2="",E2=""),"",ABS(D2-E2)) | I2: =IF(OR(G2="",H2=""),"",IF(G2<H2,"me",IF(G2>H2,"naive","tie")))
A3: P2 | B3: =IF('3 Preview'!B5="","",'3 Preview'!B5) | C3: =IF('3 Preview'!C5="","",'3 Preview'!C5) | D3: =IF('3 Preview'!D5="","",'3 Preview'!D5) | G3: =IF(OR(C3="",E3=""),"",ABS(C3-E3)) | H3: =IF(OR(D3="",E3=""),"",ABS(D3-E3)) | I3: =IF(OR(G3="",H3=""),"",IF(G3<H3,"me",IF(G3>H3,"naive","tie")))
A4: P3 | B4: =IF('3 Preview'!B6="","",'3 Preview'!B6) | C4: =IF('3 Preview'!C6="","",'3 Preview'!C6) | D4: =IF('3 Preview'!D6="","",'3 Preview'!D6) | G4: =IF(OR(C4="",E4=""),"",ABS(C4-E4)) | H4: =IF(OR(D4="",E4=""),"",ABS(D4-E4)) | I4: =IF(OR(G4="",H4=""),"",IF(G4<H4,"me",IF(G4>H4,"naive","tie")))
A5: P4 | B5: =IF('3 Preview'!B7="","",'3 Preview'!B7) | C5: =IF('3 Preview'!C7="","",'3 Preview'!C7) | D5: =IF('3 Preview'!D7="","",'3 Preview'!D7) | G5: =IF(OR(C5="",E5=""),"",ABS(C5-E5)) | H5: =IF(OR(D5="",E5=""),"",ABS(D5-E5)) | I5: =IF(OR(G5="",H5=""),"",IF(G5<H5,"me",IF(G5>H5,"naive","tie")))
A6: P5 | B6: =IF('3 Preview'!B8="","",'3 Preview'!B8) | C6: =IF('3 Preview'!C8="","",'3 Preview'!C8) | D6: =IF('3 Preview'!D8="","",'3 Preview'!D8) | G6: =IF(OR(C6="",E6=""),"",ABS(C6-E6)) | H6: =IF(OR(D6="",E6=""),"",ABS(D6-E6)) | I6: =IF(OR(G6="",H6=""),"",IF(G6<H6,"me",IF(G6>H6,"naive","tie")))

Sheet BTC daily
A1: Date | B1: close
A2: 45658 | B2: 94419.758
A3: 45659 | B3: 96886.875
A4: 45660 | B4: 98107.43
A5: 45661 | B5: 98236.227
A6: 45662 | B6: 98314.961
A7: 45663 | B7: 102078.09
A8: 45664 | B8: 96922.703
A9: 45665 | B9: 95043.523
A10: 45666 | B10: 92484.039
A11: 45667 | B11: 94701.453
A12: 45668 | B12: 94566.594
A13: 45669 | B13: 94488.438
... A664: 46320 | B664: 80024.008
